	Country.Name	FSI	gdp_growth	employment	water_access	real_interest_rate	energy_use	death_rate	internet_users	net_flow_ext_debt	tax_rate	infant_deaths	electro_access	import_good_serv	urban_population	school_primary_enr	sanit_facil	tax_income	sci_articles	employment
1	Afghanistan	109.3	8.43329048161792	44.0	48.0	5.7130219412727	2572.608479264877	8.684	4.0	83657000.0	36.3	81775	41.0	44.9434783455166	24.689	99.3988189697266	29.3	18245323987.15	5.5	44.0
2	Angola	83.7	3.40765479391563	64.90000152587889	47.1	0.12227722625147698	639.228247148886	14.887	10.0	-29439000.0	52.1	108137	34.6	42.94996785427939	40.097	123.83676147460899	46.2	920378821175.9	6.9	64.90000152587889
3	Albania	67.1	3.70690567185498	47.2999992370605	95.6	7.97100278001837	724.562919388497	6.596	45.0	743823000.0	39.7	483	100.0	53.0245352500111	52.163000000000004	105.25319197518485	90.9	1353034743860.0757	18.3	47.2999992370605
4	United Arab Emirates	52.4	1.6354490566973998	74.9000015258789	99.6	5.02405073343827	7414.6585616126295	1.095	68.0	4168681745.762712	14.1	672	94.1	72.246578367677	84.055	112.71839141845699	97.5	1353034743860.0757	276.1	74.9000015258789
5	Argentina	45.8	9.451578331466349	55.7999992370605	98.2	-5.676170956295481	1910.00894527614	7.728	45.0	-1417483000.0	107.4	9495	94.0	14.8447403469592	90.96600000000001	118.434768676758	94.9	1353034743860.0757	3767.6	55.7999992370605
6	Armenia	74.1	2.1999999991457004	49.9000015258789	98.4	10.6076357887351	837.9535521559669	8.611	25.0	1139421000.0	38.6	749	99.8	45.3171919668174	63.58	105.25319197518485	89.5	151753625090.0	183.4	49.9000015258789
7	Antigua and Barbuda	60.9	-7.14299133491195	58.538823621413286	97.9	9.50352706247498	2572.608479264877	6.266	47.0	4168681745.762712	41.0	11	87.87328000000001	59.7892161118847	26.239	103.39949035644501	91.4	92400000.0	0.1	58.538823621413286
8	Australia	27.3	1.96236610119051	62.2000007629395	100.0	6.2057364637191395	5559.7519035029	6.5	76.0	4168681745.762712	47.5	1276	100.0	20.432853525472602	88.73299999999999	104.431381225586	100.0	187006000000.0	19516.7	62.2000007629395
9	Austria	27.2	1.8801176594148201	57.9000015258789	100.0	5.02405073343827	4080.23455521221	9.2	75.17	4168681745.762712	53.2	278	100.0	47.5444405129842	65.852	100.15052032470699	100.0	23799960000.0	4922.8	57.9000015258789
10	Azerbaijan	84.4	4.85433932383958	60.9000015258789	82.8	6.10377760638816	1279.552594272	5.9	46.0	2300246000.0	40.9	5597	99.5	20.6812669257035	53.401	93.76229858398442	81.6	2026500000.0	144.7	60.9000015258789
11	Burundi	96.7	3.78590254312172	76.4000015258789	74.7	0.103918607906792	2572.608479264877	13.600999999999999	1.0	57287000.0	154.5	26039	5.3	39.1790536206786	10.640999999999998	135.123107910156	46.9	1353034743860.0757	5.9	76.4000015258789
12	Belgium	32.0	2.5010545665515	49.4000015258789	100.0	5.02405073343827	5544.3336942523	9.6	75.0	4168681745.762712	56.7	477	100.0	74.4703305837095	97.641	104.04486083984399	99.5	50556900000.0	7389.4	49.4000015258789
13	Benin	76.8	2.6114870727052004	72.0	74.5	5.02405073343827	384.167991791203	9.841000000000001	3.13	309071000.0	65.2	24776	27.9	24.6376811594203	41.854	116.28954315185499	17.3	104846261932.0	47.0	72.0
14	Burkina Faso	90.7	8.44632518323235	80.8000030517578	78.2	5.02405073343827	2572.608479264877	11.993	2.4	266364000.0	44.8	44999	13.1	29.640088938434	25.665	78.3554229736328	17.4	133581197809.0	54.3	80.8000030517578
15	Bangladesh	96.1	5.571802273968659	67.5	83.5	5.46490313781991	201.723817147228	5.903	3.7	1206692000.0	35.8	123231	55.2	21.7787299851405	30.462	104.461738586426	55.8	162347076000.0	270.2	67.5
16	Bulgaria	61.2	0.655325112354802	47.9000015258789	99.5	9.78533337110961	2420.08875819254	14.9	46.23	-4634703000.0	28.0	872	100.0	57.933816173778105	72.30199999999999	103.201820373535	85.9	3366007000.0	675.0	47.9000015258789
17	Bahrain	58.8	4.33440708785906	65.3000030517578	100.0	-0.180112630343728	9871.42190040743	2.309	55.0	4168681745.762712	13.5	129	94.1	50.9350767827277	88.535	105.25319197518485	99.2	1353034743860.0757	42.1	65.3000030517578
18	Bahamas, The	58.9	1.53877885334302	63.2000007629395	98.1	5.9158730616385595	2572.608479264877	5.9	43.0	4168681745.762712	42.9	71	100.0	49.238012637839205	82.54899999999999	107.962890625	91.4	1353034743860.0757	2.8	63.2000007629395
19	Bosnia and Herzegovina	83.5	0.7000001258816011	32.9000015258789	99.2	6.148068712690249	1680.17353721705	9.636000000000001	42.75	-429153000.0	22.2	276	99.7	51.0770401001371	39.226	105.25319197518485	94.8	625354603.56	68.2	32.9000015258789
20	Belarus	78.7	7.74078121556398	51.7000007629395	99.6	-1.66993270358949	2897.6230769230797	14.4	31.8	6007895000.0	80.5	519	100.0	66.89561583719461	74.615	103.408348083496	94.5	3535322103200.0	335.2	51.7000007629395
21	Belize	68.7	3.32387112431658	58.4000015258789	97.2	12.602150910773199	2572.608479264877	4.591	28.2	-26451000.0	33.2	120	99.3	57.471896788338796	44.963	120.61302947998001	89.2	240125000.0	2.8	58.4000015258789
22	Bolivia	84.9	4.12672259105675	69.90000152587889	86.9	1.0410413624763701	755.6470928072459	7.289	22.4	36893000.0	80.0	9137	80.2	34.3241704723204	66.426	98.0042266845703	46.7	1353034743860.0757	42.5	69.90000152587889
23	Brazil	67.4	7.57206715522901	64.5	96.9	28.9471112011313	1338.58958871663	6.386	40.65	79060839000.0	66.3	42049	98.0	11.776239536795401	84.335	105.25319197518485	80.5	241042681483.0	12529.5	64.5
24	Barbados	55.4	0.25347034296604	63.5	99.1	12.811911697992198	2572.608479264877	9.289	65.1	4168681745.762712	46.589940828402376	45	87.87328000000001	50.389157575075906	32.06	105.680709838867	93.5	762703518.0	12.9	63.5
25	Brunei Darussalam	67.6	2.59896591145292	62.5	86.4758620689655	0.18161817162020602	8238.79359881211	2.97	53.0	4168681745.762712	15.7	45	72.6	32.8726559352737	75.51	101.023597717285	70.45574712643679	1353034743860.0757	10.0	62.5
26	Bhutan	87.3	11.730854360336401	69.099998474121	96.0	7.5618726797707305	2572.608479264877	6.667999999999999	13.6	132203000.0	40.8	516	72.0	70.73120267045529	34.793	110.489433288574	46.8	1353034743860.0757	4.9	69.099998474121
27	Botswana	68.6	8.56325712893774	62.9000015258789	95.9	2.3297301663836296	1065.8945977475698	17.361	6.0	89140000.0	19.5	2044	43.1	49.7170850014745	56.235	105.25319197518485	60.6	9362100000.0	32.9	62.9000015258789
28	Central African Republic	106.4	3.0466568515619303	73.1999969482422	67.2	5.02405073343827	2572.608479264877	16.18	2.0	29419000.0	203.8	14969	9.5	26.5098033154807	38.828	93.7123489379883	20.7	13805830864.0	5.5	73.1999969482422
29	Canada	27.9	3.37424855472442	61.2999992370605	99.8	-0.0415496306121535	7390.3729756743005	7.1	80.3	4168681745.762712	22.0	1939	100.0	30.9618904025062	80.937	98.6534881591797	99.8	150684000000.0	3118.079651162792	61.2999992370605
30	Switzerland	21.8	2.95380658406297	64.8000030517578	100.0	2.43768797452935	3348.0817476599395	8.0	83.9	4168681745.762712	28.8	315	100.0	53.522544167186204	73.663	102.515487670898	99.9	22429778523.445	9626.8	64.8000030517578
31	Chile	38.0	5.7537089031463005	55.4000015258789	98.2	-3.7444492734974197	1812.68980257946	5.4510000000000005	45.0	4168681745.762712	24.5	1815	99.0	31.6694177811717	88.586	102.234619140625	97.7	6500790476286.34	1867.2	55.4000015258789
32	China	83.0	10.6317082336546	67.8000030517578	91.4	-1.05440557448677	1888.6417177180301	7.11	34.3	122201090000.0	63.5	216375	99.7	23.159356659158803	49.226000000000006	128.85510253906298	70.8	1069814500000.0	79991.3	67.8000030517578
33	Cote d'Ivoire	101.2	2.01763859205303	64.599998474121	80.7	5.02405073343827	501.885259903693	14.875	2.7	451686000.0	50.2	56440	58.9	43.326791198471604	50.556999999999995	105.25319197518485	20.9	423500000000.0	46.1	64.599998474121
34	Cameroon	95.4	3.26864887397058	67.1999969482422	72.1	5.02405073343827	338.347482300961	12.585999999999999	4.3	123834000.0	48.8	50648	49.0	23.0135406348536	51.516000000000005	106.038429260254	44.7	1353034743860.0757	149.5	67.1999969482422
35	Congo, Rep.	109.9	8.75165579918742	65.90000152587889	74.3	5.02405073343827	375.256205119528	11.102	5.0	439234000.0	64.5	6310	37.1	54.697925066037705	63.228	111.16903686523399	14.3	1353034743860.0757	18.4	65.90000152587889
36	Congo, Rep.	92.5	8.75165579918742	65.90000152587889	74.3	5.02405073343827	375.256205119528	11.102	5.0	439234000.0	64.5	6310	37.1	54.697925066037705	63.228	111.16903686523399	14.3	1353034743860.0757	18.4	65.90000152587889
37	Colombia	88.2	3.9718007047375	59.0999984741211	91.0	5.3200751696674	679.530366467028	5.529	36.5	10300483000.0	80.3	12208	96.7	17.7648626230447	75.036	114.91374206543001	79.3	20539039000000.0	692.4	59.0999984741211
38	Comoros	85.1	2.19999998173273	53.5999984741211	90.1	6.37999792573225	2572.608479264877	9.186	5.1	-745000.0	217.9	1524	51.5	51.5777240987333	27.918000000000003	105.25319197518485	32.7	1353034743860.0757	0.7	53.5999984741211
39	Cabo Verde	77.2	1.4669127093504	61.7999992370605	88.9	10.482003761478198	2572.608479264877	5.1739999999999995	30.0	179907000.0	37.5	267	67.0	58.0066006500547	61.833	111.12950897216801	64.2	7700712133.0	1.8	61.7999992370605
40	Costa Rica	52.0	4.954320526776041	58.0999984741211	97.2	8.45668988557154	1022.2010867114	4.17	36.5	1022680000.0	58.0	678	98.0	40.927497518877104	71.734	109.458793640137	93.9	748093582768.09	102.1	58.0999984741211
41	Cuba	79.4	2.38833291202931	55.2000007629395	93.5	5.02405073343827	1017.75934188252	7.449	15.9	4168681745.762712	46.589940828402376	584	100.0	17.7225540276271	76.597	102.491050720215	91.7	1353034743860.0757	195.0	55.2000007629395
42	Cyprus	68.0	1.3906440575121497	60.2999992370605	100.0	5.02405073343827	2213.09431586005	6.858	52.99	4168681745.762712	22.3	40	100.0	53.2844356641735	67.551	101.62432861328101	100.0	1799000000.0	211.6	60.2999992370605
43	Czech Republic	41.5	2.2950891154049198	54.0999984741211	100.0	7.44617233257403	4248.4144691681895	10.2	68.82	4168681745.762712	48.0	408	100.0	63.077848803548896	73.255	105.752807617188	99.1	173981000000.0	4163.5	54.0999984741211
44	Germany	35.4	4.09076951228067	55.0999984741211	100.0	5.02405073343827	4004.3531103454206	10.5	82.0	4168681745.762712	47.0	2313	100.0	37.112436049716294	74.291	101.51911926269501	99.2	108300000000.0	45337.8	55.0999984741211
45	Djibouti	81.9	4.45019296087152	58.538823621413286	89.2	22.5521966911794	2572.608479264877	9.245	6.5	6630000.0	37.8	1314	49.7	47.216126759295705	76.99600000000001	105.25319197518485	48.4	1353034743860.0757	1.9	58.538823621413286
46	Denmark	22.9	1.6251358849883797	59.5	100.0	5.02405073343827	3510.79721029482	9.8	88.72	4168681745.762712	28.1	219	100.0	43.6057285217961	86.795	99.5539932250977	99.6	278229000000.0	5638.7	59.5
47	Dominican Republic	76.8	8.3021528020018	56.7999992370605	85.9	6.14122151341711	718.585392599684	5.985	31.4	1695168000.0	40.1	6047	98.0	32.8999336669202	73.752	106.990333557129	82.1	53643540853.38	6.9	56.7999992370605
48	Algeria	81.3	3.60016906640861	38.7999992370605	85.7	-6.992595449097531	1113.1622546121	5.8020000000000005	12.5	-228777000.0	73.0	21820	99.3	31.4221141747825	67.52600000000001	113.322723388672	86.6	2622100000000.0	598.3	38.7999992370605
49	Ecuador	81.7	3.52529866894027	64.599998474121	84.9	5.02405073343827	897.3724399539011	4.955	29.03	1135047000.0	35.3	7085	97.0	32.4082827425812	62.69	114.280830383301	80.7	1353034743860.0757	66.2	64.599998474121
50	Egypt, Arab Rep.	87.6	5.1389858321566395	44.2000007629395	98.3	0.8108120981684791	887.650178884961	6.645	21.6	2042652000.0	43.1	49304	99.6	26.5871042599039	43.019	112.26042175293001	94.7	76617500000.0	2431.2	44.2000007629395
51	Eritrea	93.3	2.19418976921348	78.4000015258789	56.4	5.02405073343827	158.75956145259	7.445	0.61	-2657000.0	84.5	6619	32.5	23.3453107419079	20.572	105.25319197518485	14.6	1353034743860.0757	2.6	78.4000015258789
52	Spain	43.5	0.013804782633315001	47.2000007629395	100.0	5.02405073343827	2740.05322853517	8.2	65.8	4168681745.762712	55.3	1905	100.0	26.8248230893698	78.442	105.478340148926	99.9	62702000000.0	22019.9	47.2000007629395
53	Estonia	50.7	2.47587385141064	51.0	99.5	6.14216699876765	4222.7371899585	11.9	74.1	4168681745.762712	48.8	59	100.0	68.7567560217824	68.094	98.4494781494141	97.2	385500000.0	526.5	51.0
54	Ethiopia	98.8	12.550538328899801	79.3000030517578	47.8	5.02405073343827	469.74933616610497	8.461	0.75	2023333000.0	30.3	149585	23.0	32.5221325975901	17.319000000000003	105.25319197518485	21.7	8353900000.0	169.5	79.3000030517578
55	Finland	19.3	2.99235533610533	55.2000007629395	100.0	5.02405073343827	6807.770401793499	9.5	86.89	4168681745.762712	40.8	156	100.0	37.4120791020844	83.55799999999999	99.0603713989258	97.6	9818000000.0	4868.5	55.2000007629395
56	Fiji	80.5	2.95467315574027	50.2999992370605	95.1	3.12757347911507	2572.608479264877	6.632999999999999	20.0	14461000.0	39.3	390	55.8	63.8930956897042	51.828	105.25319197518485	89.6	1353034743860.0757	18.7	50.2999992370605
57	France	34.9	1.96565781885573	50.9000015258789	100.0	5.02405073343827	4016.11567116392	8.5	77.28	4168681745.762712	65.8	2745	100.0	27.925209196384696	78.345	108.082641601563	98.7	183110000000.0	31367.6	50.9000015258789
58	Micronesia, Fed. Sts.	70.6	2.5305788185082	58.538823621413286	89.2	11.3785441498457	2572.608479264877	6.247000000000001	20.0	4168681745.762712	58.7	81	55.8	47.216126759295705	22.298000000000002	105.25319197518485	53.1	1353034743860.0757	2.3	58.538823621413286
59	Gabon	75.3	7.44145313595101	47.9000015258789	91.1	5.02405073343827	1370.61719811977	9.648	7.23	241608000.0	43.5	2032	81.6	29.4014483538055	85.697	105.25319197518485	40.9	1353034743860.0757	16.9	47.9000015258789
60	United Kingdom	33.9	1.91137766469444	57.0	100.0	-2.58856325562487	3209.11102626383	8.9	85.0	4168681745.762712	36.1	3917	100.0	31.0655719295544	81.30199999999999	106.933799743652	99.2	192121000000.0	45978.0	57.0
61	Georgia	90.4	6.25302862624761	53.5	96.8	6.726996965296429	701.197673374057	11.247	26.9	1110835000.0	15.3	939	100.0	52.764464309988796	52.869	109.268699645996	89.3	1695000000.0	121.1	53.5
62	Ghana	67.1	7.899740292681679	66.0	83.1	5.02405073343827	380.926446518413	9.297	7.8	2229718000.0	32.5	39436	60.5	45.901097808525	50.713	105.25319197518485	13.7	2194970487.0	121.4	66.0
63	Guinea	105.0	1.9362174231542502	70.599998474121	72.8	5.02405073343827	2572.608479264877	12.036	1.0	42255000.0	87.8	29265	20.2	36.5274092443014	34.856	86.3597412109375	17.9	1353034743860.0757	5.5	70.599998474121
64	Gambia, The	80.2	6.52463260726105	72.099998474121	88.9	21.761298622733	2572.608479264877	10.119	9.2	31484000.0	292.1	3674	31.0	42.6337035128436	56.297	85.1532974243164	58.8	1353034743860.0757	19.2	72.099998474121
65	Guinea-Bissau	97.2	4.4320216722531	68.099998474121	69.8	5.02405073343827	2572.608479264877	13.046	2.45	-218000.0	45.9	4352	57.0	35.34939236628129	45.221000000000004	116.22160339355499	18.9	1353034743860.0757	2.3	68.099998474121
66	Equatorial Guinea	88.5	-1.30012941823568	80.599998474121	47.5	5.02405073343827	2572.608479264877	14.215	6.0	4168681745.762712	44.1	2055	65.1722	80.92452417568809	39.223	87.0697021484375	75.8	1353034743860.0757	0.1	80.599998474121
67	Greece	45.9	-5.448755760856861	47.2999992370605	100.0	5.02405073343827	2475.48382770037	9.8	44.4	4168681745.762712	46.7	469	100.0	30.6725709253719	76.292	102.873428344727	98.5	15587000000.0	4631.2	47.2999992370605
68	Grenada	67.0	-0.47694753577105997	58.538823621413286	96.6	10.0476282911354	2572.608479264877	7.577999999999999	27.0	13133000.0	45.3	26	87.87328000000001	49.231508165225705	35.681	103.374443054199	98.0	73200000.0	8.5	58.538823621413286
69	Guatemala	81.2	2.8693723892527596	64.90000152587889	90.7	7.79890792806121	691.977694394635	5.441	10.5	881142000.0	40.9	11684	78.3	36.309379062303904	49.323	116.47943115234399	61.6	10319232706.8	20.4	64.90000152587889
70	Guyana	73.0	4.37086941707121	54.2999992370605	94.2	7.34628912639979	2572.608479264877	7.03	29.9	313769000.0	38.8	364	77.0	47.216126759295705	28.239	82.67259216308591	83.2	1353034743860.0757	8.2	54.2999992370605
71	Honduras	80.0	3.7312701479566606	59.2000007629395	88.0	13.5548525881374	607.991071279839	4.905	11.09	574688000.0	44.1	3633	80.0	63.68293204493361	51.696000000000005	115.30560302734399	77.4	13241250000.0	9.8	59.2000007629395
72	Croatia	59.0	-1.7011368880312	46.0	99.2	9.46644729981604	1938.46661932767	11.8	56.55	4168681745.762712	22.1	229	100.0	38.1601690032648	57.537	92.376609802246	97.1	7608630100.0	1246.5	46.0
73	Haiti	101.6	-5.49779233727389	59.9000015258789	59.3	11.4087148711782	379.671841431527	8.954	8.37	285888000.0	40.4	23398	33.9	61.60433336330129	52.016000000000005	105.25319197518485	25.9	1353034743860.0757	5.8	59.9000015258789
74	Hungary	50.1	0.789116879525054	44.9000015258789	100.0	5.33268266405097	2568.37989272625	13.0	65.0	-22659927000.0	54.6	561	100.0	77.2623870752018	68.859	102.098182678223	98.0	2064226000000.0	2221.0	44.9000015258789
75	Indonesia	83.1	6.22385418062284	63.0	84.5	-1.7460975355970298	866.7853252310471	6.3229999999999995	10.92	19357912000.0	28.7	127011	94.2	22.402242939232696	49.924	109.92465209960899	57.0	1353034743860.0757	247.7	63.0
76	India	79.2	10.259962989017401	53.5	90.3	-0.596843392857797	586.956979273234	7.968999999999999	7.5	35456484000.0	64.9	1225179	75.0	26.3380246912065	30.93	113.46710205078101	35.5	4378260000000.0	20881.8	53.5
77	Ireland	22.4	-0.27550500952816	52.5	97.4	5.02405073343827	3131.99836409069	6.1	69.85	4168681745.762712	25.3	265	100.0	78.2297045263278	61.84	105.700393676758	90.1	15841050000.0	3055.8	52.5
78	Iran, Islamic Rep.	92.2	6.629451624762419	38.2000007629395	95.8	-1.40271662575409	2794.5194355009303	5.273	15.9	1502461000.0	44.1	23065	98.4	47.216126759295705	70.626	106.300796508789	88.6	1353034743860.0757	6992.6	38.2000007629395
79	Iraq	107.3	5.5378902509448	35.5999984741211	85.1	-3.58689465415913	1216.84016369491	5.456	2.5	4168681745.762712	27.8	33135	98.0	34.080650405964306	69.03399999999999	105.25319197518485	83.3	1353034743860.0757	68.1	35.5999984741211
80	Iceland	29.8	-3.06711367771101	68.90000152587889	100.0	4.53263924974552	16882.4994261746	6.4	93.39	4168681745.762712	26.1	10	100.0	43.0766127365675	93.624	98.8367385864258	98.8	132866699163.5	273.5	68.90000152587889
81	Italy	45.7	1.7105824180637699	44.2000007629395	100.0	3.69990494578061	2876.11553654573	9.9	53.68	4168681745.762712	67.7	1892	100.0	27.137436613094	68.327	101.06272125244101	99.5	193547000000.0	26347.6	44.2000007629395
82	Jamaica	67.4	-1.4800268965969	55.5	93.7	9.62379603179906	1000.7945521520501	7.99	27.67	3149220000.0	48.7	725	92.0	49.54657192041449	53.743	105.25319197518485	81.6	116953842666.0	46.6	55.5
83	Jordan	77.0	2.33683030118537	37.0999984741211	96.9	0.564496799763151	1175.01521667218	3.7239999999999998	27.2	1550875000.0	31.2	3261	99.4	69.0298827854319	82.473	98.78912353515629	98.5	624600000.0	378.0	37.0999984741211
84	Japan	31.3	4.65203014349022	57.0999984741211	100.0	3.84599837132833	3894.8070664480397	9.5	78.21	4168681745.762712	47.7	2596	100.0	13.9762396959769	90.522	102.199501037598	100.0	22009100000000.0	47043.1	57.0999984741211
85	Kazakhstan	72.7	7.3000000001620196	67.40000152587889	93.2	5.02405073343827	4234.926567469171	8.97	31.6	12294749000.0	29.4	7220	100.0	29.8940863973107	53.732	104.573799133301	97.4	1353034743860.0757	83.3	67.40000152587889
86	Kenya	100.7	8.40227706370247	60.2999992370605	60.0	12.0258980022724	491.17154987365797	9.164	14.0	231621000.0	49.3	60817	23.0	33.5702415138228	23.570999999999998	105.25319197518485	29.2	219496844198.0	275.8	60.2999992370605
87	Kyrgyz Republic	88.4	-0.47156684750859795	60.5999984741211	86.1	19.544972444311302	505.402265092972	6.6	16.3	-20037000.0	30.6	3807	100.0	81.6785278167149	35.303000000000004	99.5622100830078	92.8	10385497000.0	16.5	60.5999984741211
88	Cambodia	88.7	5.963078575386961	82.099998474121	64.2	5.02405073343827	349.769479571466	6.122000000000001	1.26	312546000.0	22.6	13992	31.1	59.520935444235604	19.81	129.88815307617202	33.6	800395654196.0	22.4	82.099998474121
89	Korea, Rep.	41.3	6.49678516888552	58.0999984741211	97.6	2.2781903614354597	5059.50144145866	5.1	83.7	4168681745.762712	28.8	1753	99.7	46.2346005873669	81.936	103.24181365966801	100.0	74730072000000.0	24106.4	58.0999984741211
90	Kuwait	61.5	-2.3670619439377405	66.40000152587889	99.0	-5.62590035028875	10525.556198731	2.983	61.4	4168681745.762712	10.7	672	94.1	30.3545138773425	98.26299999999999	105.25319197518485	100.0	1353034743860.0757	191.6	66.40000152587889
91	Lao PDR	88.7	8.52690551718889	76.5	67.5	11.4472090918447	2572.608479264877	6.407	7.0	-113466000.0	31.4	10840	66.0	37.908636028751296	33.123000000000005	123.18994140625	58.7	1620570808000.0	17.2	76.5
92	Lebanon	90.9	7.9960862787684	43.7999992370605	97.7	8.16417273190659	1471.53803091242	4.414	43.68	-122125000.0	30.2	427	99.9	61.8568935427574	87.18299999999999	103.403182983398	80.9	2049800000000.0	264.8	43.7999992370605
93	Liberia	91.7	6.0999460491908595	58.9000015258789	71.1	8.31372263666449	2572.608479264877	9.447000000000001	2.3	9806000.0	42.5	9298	4.1	82.1282751812786	47.801	105.25319197518485	15.6	982590.7403665291	1.8	58.9000015258789
94	Libya	69.1	5.02128973900766	43.2999992370605	86.4758620689655	-7.14873116194334	3281.07663042116	4.1739999999999995	14.0	4168681745.762712	46.589940828402376	2070	100.0	42.097484243531106	77.642	105.25319197518485	96.6	1353034743860.0757	33.3	43.2999992370605
95	Sri Lanka	95.7	8.015959405752241	52.2999992370605	91.1	2.7199417729416298	469.76768508207	6.986000000000001	12.0	3292629000.0	96.6	3369	85.1	30.684744608594	18.320999999999998	99.0498504638672	91.7	135622500000.0	131.2	52.2999992370605
96	Lesotho	82.2	7.867081634044549	49.4000015258789	80.8	8.64510542825822	2572.608479264877	16.031	3.86	27117000.0	14.2	4269	17.0	111.38634466139601	24.753	110.469383239746	28.5	1353034743860.0757	4.8	49.4000015258789
97	Lithuania	47.8	1.61893217977007	48.2999992370605	95.0	3.60284107294931	2275.92676417582	13.6	62.12	4168681745.762712	45.1	183	100.0	67.2829475774339	66.757	101.523788452148	90.5	1870400000.0	356.3	48.2999992370605
98	Luxembourg	27.3	5.14467318091263	54.5	100.0	5.02405073343827	8321.8917730046	7.4	90.62	4168681745.762712	20.0	11	100.0	147.059241874689	88.54700000000001	97.24195098876949	97.6	4863800982.4225	149.4	54.5
99	Latvia	55.4	-2.87360969587182	47.9000015258789	98.9	11.1413328499055	2213.6377830378697	14.3	68.42	4168681745.762712	37.5	180	100.0	54.43877635983149	67.692	106.031303405762	85.6	267745000.0	133.9	47.9000015258789
100	Morocco	77.0	3.64297476421523	45.5	83.5	5.02405073343827	527.337848361107	6.325	52.0	3107853000.0	49.6	19654	98.9	43.068016873660895	57.684	111.671752929688	73.8	62668090296.7348	350.4	45.5
101	Moldova	83.8	7.09407176187239	38.0	87.4	4.7560661512282305	955.9851152919181	13.862	32.3	513545000.0	30.4	697	98.6	78.545214851056	44.886	93.54077911376949	75.3	215600000.0	64.9	38.0
102	Madagascar	82.6	0.263110855703317	85.8000030517578	46.9	36.9555465743411	2572.608479264877	7.398	1.7	-64983000.0	37.7	30814	14.3	43.0485942737592	31.929000000000002	144.57731628418	11.4	490294000000.0	40.5	85.8000030517578
103	Maldives	78.3	7.196444634693179	58.0	98.3	9.891601739741631	2572.608479264877	3.4760000000000004	26.53	151795000.0	9.3	81	99.9	72.5926886624268	39.984	105.25319197518485	97.3	203300000.0	1.5	58.0
104	Mexico	76.1	5.11019873147265	58.0	94.1	0.7671033501404371	1486.02706672172	4.488	31.05	61008588000.0	50.5	33891	99.0	31.0748840108474	77.825	103.50412750244101	82.3	1353034743860.0757	3118.079651162792	58.0
105	Macedonia, FYR	72.7	3.35876011375913	37.7999992370605	99.4	7.29318555621437	1397.84905570724	9.417	51.9	109409000.0	8.1	187	99.0	58.091315722073794	56.992	90.09117889404301	90.8	96277000000.0	59.4	37.7999992370605
106	Mali	79.3	5.81931483040954	60.4000015258789	66.9	5.02405073343827	2572.608479264877	14.036	2.0	252581000.0	51.4	56161	16.6	39.8814145844674	35.996	90.3107070922852	22.4	204565000000.0	23.8	60.4000015258789
107	Malta	48.2	4.2999999999999305	47.2999992370605	100.0	3.1966032318249797	2048.02802358459	7.3	63.0	4168681745.762712	46.589940828402376	22	100.0	84.76564401252492	94.665	95.2353668212891	100.0	770180142.47	33.4	47.2999992370605
108	Myanmar	99.4	4.4309525049418985	75.6999969482422	78.1	5.02405073343827	270.86529833474	8.472999999999999	0.25	-3960000.0	46.589940828402376	44646	48.8	47.216126759295705	31.405	114.16488647460899	76.6	1353034743860.0757	7.5	75.6999969482422
109	Montenegro	57.3	2.46372841285111	40.7999992370605	98.9	7.78516384872651	1898.2884209302802	10.175	37.5	-686984000.0	28.1	52	100.0	63.113128673858796	63.096000000000004	111.155242919922	93.5	1353034743860.0757	25.9	40.7999992370605
110	Mongolia	60.1	6.36516168494001	57.2999992370605	62.9	-13.730174652913101	1265.75973298504	6.807	10.2	2925428000.0	24.4	1670	86.2	56.67104929862	67.567	125.67478179931601	56.5	813754434890.0	38.9	57.2999992370605
111	Mozambique	81.7	6.76781203912462	77.599998474121	48.5	6.54242189294476	406.98803529739195	15.023	4.17	288690000.0	37.5	69913	15.0	38.4407882484403	30.955	111.73249816894501	18.8	18434559038.6	24.1	77.599998474121
112	Mauritania	89.1	4.77369717040534	36.9000015258789	54.3	-1.5794114769461203	2572.608479264877	8.971	4.0	472543000.0	68.2	8596	18.2	61.1755104188786	56.681999999999995	97.10858154296879	35.7	1353034743860.0757	3.0	36.9000015258789
113	Mauritius	44.4	4.100201814727701	54.2000007629395	99.7	6.9684351780066	1053.4524952015402	7.3	28.33	492046000.0	27.2	189	100.0	63.7687602366547	40.579	107.248733520508	92.7	13976300000.0	24.8	54.2000007629395
114	Malawi	93.6	6.53336243655622	76.8000030517578	81.0	16.0557183890389	2572.608479264877	12.354000000000001	2.26	83263000.0	25.9	34380	8.7	44.94054884859901	15.54	137.688903808594	38.8	1353034743860.0757	55.1	76.8000030517578
115	Malaysia	69.2	7.42597049615486	57.0999984741211	97.3	0.847359743839511	2690.53976777681	4.623	56.3	14955331000.0	33.7	2911	99.3	76.3460913778161	70.91199999999999	105.25319197518485	95.4	72783848000.0	1607.7	57.0999984741211
116	Namibia	74.5	5.96378015673638	47.7000007629395	87.3	5.94129989371066	687.3009874441741	7.834	11.6	4168681745.762712	22.3	2399	43.7	60.7048922884727	41.61600000000001	107.48468017578101	32.2	6328554500.0	9.7	47.7000007629395
117	Niger	97.8	8.369239798490781	61.4000015258789	54.0	5.02405073343827	2572.608479264877	11.825	0.83	309288000.0	46.7	52273	9.3	49.091934924651	17.559	64.7818984985352	9.5	1353034743860.0757	12.7	61.4000015258789
118	Nigeria	100.2	7.83973947709084	51.4000015258789	63.4	-42.310182907600996	752.5170842051609	14.061	24.0	827447000.0	31.6	513166	48.0	17.3872692718379	43.48	84.8048782348633	30.5	1177200000000.0	493.7	51.4000015258789
119	Nicaragua	82.5	3.1912987809361804	57.5999984741211	85.0	6.77436853424983	515.479313915871	4.638	10.0	1137831000.0	63.2	2878	73.0	57.934962308829604	57.255	116.735733032227	64.7	8350745000.0	13.7	57.5999984741211
120	Netherlands	27.9	1.07050384833023	61.7000007629395	100.0	0.5818656560837779	5020.99847888049	8.2	90.72	4168681745.762712	39.4	634	100.0	63.5910323160922	87.061	108.55029296875	97.8	63581000000.0	15506.2	61.7000007629395
121	Norway	18.7	0.60193444078449	63.2999992370605	100.0	5.02405073343827	6621.37807582837	8.5	93.39	4168681745.762712	40.7	168	100.0	28.5897897717028	79.102	98.87750244140629	98.1	381490000000.0	4460.9	63.2999992370605
122	Nepal	95.4	4.8164146502244005	81.3000030517578	87.0	-6.206793610237121	379.92194496856104	6.95	7.93	32779000.0	31.7	22799	76.3	36.402369602288395	16.822	141.053726196289	37.9	33821327000.0	57.7	81.3000030517578
123	New Zealand	23.9	1.4414758449665002	63.2999992370605	100.0	3.09612183190635	4203.83800307996	6.51	80.46	4168681745.762712	34.7	342	100.0	28.215578923980104	86.165	101.22135925293001	70.45574712643679	33988458000.0	3400.9	63.2999992370605
124	Oman	48.7	4.80285205653912	54.9000015258789	91.7	-7.61041607210088	7580.6066214250095	2.842	35.8278	4168681745.762712	21.6	699	94.1	32.6864056484947	75.161	105.25319197518485	96.7	272600000.0	120.0	54.9000015258789
125	Pakistan	102.5	1.60669195949077	51.2999992370605	90.5	2.8797991758717503	496.342291995413	7.074	8.0	4661337000.0	33.8	382955	91.4	19.3526587348244	36.598	94.8090667724609	54.8	536000000000.0	1109.6	51.2999992370605
126	Panama	59.3	5.85187379276681	61.2000007629395	93.1	2.605525150218	1024.59545709909	4.887	40.1	125347000.0	43.8	1287	87.87328000000001	69.1074855713002	65.115	102.167198181152	72.3	1353034743860.0757	82.0	61.2000007629395
127	Peru	76.9	8.45074688025393	72.9000015258789	84.6	12.2332871781901	654.019262982829	5.341	34.77	2973704000.0	37.1	9855	85.0	23.4525360538518	76.915	107.250831604004	72.0	25801716448.79	147.1	72.9000015258789
128	Philippines	87.1	7.63226391622599	60.0	90.1	3.3104957968579103	435.27733162629096	5.995	25.0	4880467000.0	43.8	56575	83.3	36.616198316390204	45.255	105.25319197518485	70.5	489221000000.0	221.7	60.0
129	Papua New Guinea	83.9	7.67433165077584	70.599998474121	39.1	0.512584814127968	2572.608479264877	7.771	1.28	2657089000.0	42.1	10372	14.5	47.216126759295705	13.019	105.25319197518485	19.0	1353034743860.0757	15.5	70.599998474121
130	Poland	49.0	3.7098103874690898	50.5999984741211	97.6	5.02405073343827	2645.02712392786	9.9	62.32	4168681745.762712	40.1	2267	100.0	42.285528229938706	60.891999999999996	98.2926483154297	94.3	58032000000.0	7157.2	50.5999984741211
131	Korea, Dem. Rep.	97.8	4.4309525049418985	74.6999969482422	99.7	5.02405073343827	771.2954581427831	9.089	0.0	4168681745.762712	46.589940828402376	8283	26.0	47.216126759295705	60.21	105.25319197518485	79.9	1353034743860.0757	12.3	74.6999969482422
132	Portugal	33.1	1.8986750387770701	55.2000007629395	99.6	5.02405073343827	2222.58060549886	10.0	53.3	4168681745.762712	42.6	296	100.0	37.4315983233461	60.567	112.09860992431601	99.0	13479020000.0	4171.5	55.2000007629395
133	Paraguay	72.1	13.093003676317599	65.90000152587889	90.3	18.789286974925197	774.155430131708	5.612	19.8	1993858000.0	35.0	2941	97.0	51.4866409390372	58.486999999999995	97.4769287109375	82.7	2095599821827.0	11.0	65.90000152587889
134	West Bank and Gaza	84.6	2.33746235197574	31.100000381469698	69.5	-6.354320316255451	2572.608479264877	3.528	37.4	4168681745.762712	16.5	2772	94.1	59.062503506075295	74.13600000000001	90.48065185546879	91.6	1353034743860.0757	3118.079651162792	31.100000381469698
135	Qatar	51.8	16.7289753614936	86.0	100.0	-2.12774150373175	15882.3667681858	1.462	69.0	4168681745.762712	11.3	136	94.1	23.7506073538111	98.655	105.25319197518485	98.3	62726320000.0	104.4	86.0
136	Romania	60.2	-0.939655979770862	52.0	96.9	8.13401348142971	1730.19139599398	12.8	39.93	10982125000.0	44.0	2626	100.0	41.151223435549	53.82899999999999	96.7256927490234	77.5	28241000655.0	1544.9	52.0
137	Russian Federation	79.0	4.50372562493008	58.4000015258789	96.3	-2.9516238945304503	4925.08097108586	14.2	43.0	4168681745.762712	46.5	16884	100.0	21.1399447023288	73.687	105.25319197518485	72.3	267300000000.0	13500.4	58.4000015258789
138	Rwanda	88.7	7.312669274751741	85.6999969482422	73.1	13.6724352933154	2572.608479264877	7.869	8.0	56979000.0	35.2	16288	10.8	27.956665663557	23.951999999999998	122.198036193848	57.2	159319167020.0	13.4	85.6999969482422
139	Saudi Arabia	77.5	4.76182900560309	48.7000007629395	97.0	5.02405073343827	6600.03000286893	3.292	41.0	4168681745.762712	14.5	9260	94.1	33.0674148828955	82.084	100.91446685791	100.0	1353034743860.0757	1003.2	48.7000007629395
140	Sudan	111.8	3.46933524449415	45.5	54.9	5.02405073343827	361.641329170291	8.624	16.7	668947000.0	36.1	64615	29.0	17.2321111736094	33.08	70.7908096313477	22.5	1353034743860.0757	79.3	45.5
141	Senegal	74.6	4.266247625949959	68.599998474121	74.8	5.02405073343827	303.198994257143	7.916	8.0	254382000.0	45.5	22643	56.5	40.2448825567441	42.23	84.4131622314453	45.1	326262287852.0	61.0	68.599998474121
142	Singapore	34.8	15.240377035941501	65.099998474121	100.0	5.428484037961	5004.78893769575	4.4	71.0	4168681745.762712	23.2	113	100.0	172.84036442362301	100.0	105.25319197518485	100.0	18645800000.0	4377.3	65.099998474121
143	Solomon Islands	88.6	6.895556837853411	63.9000015258789	80.4	8.75045229208417	2572.608479264877	6.0920000000000005	5.0	27904000.0	26.2	452	19.2	82.3129062038405	20.048	105.25319197518485	28.3	1353034743860.0757	2.9	63.9000015258789
144	Sierra Leone	93.6	5.346644565307001	64.90000152587889	57.4	3.47600983563272	2572.608479264877	17.883	0.58	83332000.0	235.2	23695	12.1	34.4728354187073	38.241	105.25319197518485	12.6	303025786567.0	6.0	64.90000152587889
145	El Salvador	78.1	1.36478366726978	57.5	90.1	5.02405073343827	698.287234863553	6.5089999999999995	15.9	423221000.0	34.8	1961	92.0	42.8442033214587	64.286	113.216728210449	71.0	1043400000.0	5.0	57.5
146	Somalia	114.3	4.4309525049418985	52.2000007629395	31.4	5.02405073343827	2572.608479264877	13.037	31.998567045454536	0.0	46.589940828402376	42129	29.1	47.216126759295705	37.259	105.25319197518485	23.3	1353034743860.0757	0.4	52.2000007629395
147	Serbia	77.8	0.584478087925319	41.9000015258789	99.3	10.7864952997769	2130.7202038117002	14.2	40.9	1201161000.0	33.3	600	100.0	47.92145644273089	55.208	95.89575958251949	96.6	105066457000.0	1165.3	41.9000015258789
148	Sao Tome and Principe	75.8	4.51141089542372	58.538823621413286	95.3	15.335148159654699	2572.608479264877	7.1160000000000005	18.75	22224000.0	39.5	228	56.9	59.9480986377774	61.907	128.647384643555	33.0	168095027475.529	1.0	58.538823621413286
149	Suriname	72.5	5.157261794634611	50.2000007629395	93.9	4.08755624162637	2572.608479264877	7.232	31.59	4168681745.762712	27.9	223	100.0	47.216126759295705	66.344	105.25319197518485	79.6	722318164.77	1.3	50.2000007629395
150	Slovak Republic	48.8	4.82731404485905	50.5	100.0	5.02405073343827	3306.80554391156	9.9	75.71	4168681745.762712	47.4	423	100.0	77.91009463722399	54.685	102.87976837158199	98.8	1986533460.43	1050.9	50.5
151	Slovenia	36.0	1.22181915296107	55.0	99.5	5.02405073343827	3532.2981787899203	9.1	70.0	4168681745.762712	34.6	60	100.0	62.769329313410395	50.04	98.2181930541992	99.1	1350070238.47	1151.4	55.0
152	Sweden	20.9	5.98892713335566	58.0	100.0	5.02405073343827	5427.92504600599	9.6	90.0	4168681745.762712	52.1	278	100.0	40.7176546323658	85.056	101.448539733887	99.3	121387000000.0	9418.5	58.0
153	Swaziland	82.8	1.68081691052113	43.7000007629395	70.4	15.1353004006413	2572.608479264877	14.447000000000001	11.04	176649000.0	36.5	2158	35.2	74.96333374116641	21.491999999999997	115.772827148438	56.5	1353034743860.0757	9.5	43.7000007629395
154	Seychelles	67.9	5.94543085598693	58.538823621413286	95.7	17.6487300095441	2572.608479264877	7.4	41.0	151204000.0	44.0	21	100.0	108.07806050323299	52.318999999999996	106.223960876465	98.4	1040310065.83	2.9	58.538823621413286
155	Syrian Arab Republic	87.9	4.4309525049418985	39.7999992370605	89.7	5.02405073343827	1045.33965760261	3.635	20.7	-430310000.0	39.7	7010	92.7	47.216126759295705	55.677	118.147186279297	94.6	1353034743860.0757	100.8	39.7999992370605
156	Chad	113.3	13.5501008595489	66.599998474121	49.7	5.02405073343827	2572.608479264877	15.431	1.7	310501000.0	75.8	50467	3.5	43.54510338574921	21.983	83.398811340332	11.6	1353034743860.0757	1.7	66.599998474121
157	Togo	88.1	3.99567877036402	75.1999969482422	59.8	5.02405073343827	487.452922936241	11.275	3.0	110157000.0	50.3	13972	27.9	57.309000965327705	37.533	131.42106628418	11.5	35970043324.0	11.6	75.1999969482422
158	Thailand	78.8	7.81051239474012	71.6999969482422	96.4	2.19152795110035	1760.70835696934	7.354	22.4	24830901000.0	36.9	9844	99.7	63.85577735617479	44.08	94.9236373901367	93.3	682859680000.0	2106.4	71.6999969482422
159	Tajikistan	89.2	6.50000000000479	59.5	69.7	9.725942322577641	287.002670642558	6.58	11.55	401040000.0	84.0	10244	100.0	52.610345249934205	26.516	100.44235992431601	93.7	1353034743860.0757	22.3	59.5
160	Turkmenistan	82.5	9.19780506924484	54.0	86.4758620689655	5.02405073343827	4497.1583668766	7.756	3.0	-137348000.0	46.589940828402376	5127	100.0	45.3487323056937	48.402	105.25319197518485	70.45574712643679	1353034743860.0757	1.3	54.0
161	Timor-Leste	98.2	9.36768149882906	37.0999984741211	68.2	6.3485032973641395	2572.608479264877	6.287999999999999	0.21	4168681745.762712	11.0	1597	38.0	115.84582441113501	29.506999999999998	116.523651123047	39.1	1353034743860.0757	3118.079651162792	37.0999984741211
162	Trinidad and Tobago	66.1	0.20823484388014898	60.0	95.0	1.2324128529948501	15102.089835441	9.201	48.5	4168681745.762712	35.0	423	99.0	31.7276177990518	9.092	106.097686767578	91.4	23071000000.0	53.4	60.0
163	Tunisia	67.5	3.2493988279893498	41.0	95.8	5.02405073343827	955.538963316931	5.7	36.8	202672000.0	62.3	2769	99.5	54.8118141761307	65.934	108.813827514648	89.0	5032700000.0	978.3	41.0
164	Turkey	77.1	9.1569529029472	42.7000007629395	98.6	5.02405073343827	1455.82805110677	5.751	39.82	29289549000.0	43.3	21461	100.0	26.7597786009026	70.715	102.41883087158199	92.9	64103996000.0	7950.0	42.7000007629395
165	Tanzania	81.2	6.35888608129918	86.599998474121	55.2	4.8509885717101	443.225755925301	9.597000000000001	2.9	1255003000.0	44.4	75614	14.8	29.129983813000802	28.114	101.67852783203101	13.1	1627349000000.0	131.9	86.599998474121
166	Uganda	97.5	5.17034297440237	74.5	72.5	6.5017741055539	2572.608479264877	10.238999999999999	12.5	237347000.0	36.6	70749	14.6	28.477181721847	14.492	117.44805908203101	18.0	1303071893873.0	153.6	74.5
167	Ukraine	69.5	4.2000000155834005	53.9000015258789	96.7	1.86194550474709	2886.9958165015996	15.2	23.3	20691031000.0	55.5	5815	99.8	53.5644379249729	68.686	102.362892150879	95.6	39969200000.0	1682.1	53.9000015258789
168	Uruguay	41.3	7.80340966844247	60.7000007629395	98.9	5.165714028728741	1212.53942165958	9.323	46.4	4168681745.762712	41.9	529	99.0	25.349342729724697	94.414	112.035766601563	95.5	43604967875.3363	237.1	60.7000007629395
169	United States	35.3	2.53192038046484	57.4000015258789	99.1	2.00417241743129	7161.51259845346	8.0	71.69	4168681745.762712	46.5	25466	100.0	15.804137988550401	80.77199999999999	99.4575729370117	99.9	1208300000000.0	3118.079651162792	57.4000015258789
170	Uzbekistan	90.5	8.50000000075197	54.0999984741211	87.3	5.02405073343827	1508.8554183121898	4.9	20.0	719160000.0	95.9	26340	100.0	28.513373020261803	36.191	93.0378875732422	100.0	1353034743860.0757	124.7	54.0999984741211
171	Venezuela, RB	78.7	-1.4887912507834802	59.2999992370605	92.7	-18.9085587466056	2595.5031677923803	5.18	37.37	-3194444000.0	51.9	8541	100.0	17.606486536001	88.76899999999999	102.513931274414	93.0	1353034743860.0757	341.6	59.2999992370605
172	Vietnam	76.6	6.42323821717497	74.599998474121	91.3	0.9465968565652659	677.674391050528	5.61	30.65	7554491000.0	32.9	30865	96.0	80.2150125033135	30.392	104.913848876953	69.7	1353034743860.0757	389.6	74.599998474121
173	Samoa	71.1	0.47915871283746003	58.538823621413286	97.6	9.119711897118679	2572.608479264877	5.584	7.0	71608000.0	18.4	89	99.6	54.0122395405701	20.078	110.755928039551	91.7	78532.43482000001	0.0	58.538823621413286
174	Yemen, Rep.	100.0	3.3174651962658595	39.5	54.6	8.82796842842882	353.893265047958	7.49	12.35	22450000.0	49.3	33821	44.8	47.216126759295705	31.732	91.99561309814449	52.7	1353034743860.0757	20.9	39.5
175	South Africa	67.9	3.03974708500712	38.7000007629395	91.1	3.2743515957472598	2808.75833362734	13.901	24.0	4413030000.0	30.1	47579	82.7	27.373752430228702	62.218	104.376136779785	63.5	379941232665.1	2971.8	38.7000007629395
176	Zambia	83.9	10.2982058108767	69.099998474121	61.4	6.11265696611967	594.708911603636	11.874	10.0	875837000.0	14.3	30036	18.5	30.8749969655163	38.725	111.396728515625	42.8	6682524119.120999	43.3	69.099998474121
177	Zimbabwe	110.2	11.3759212337497	81.5	77.9	5.02405073343827	651.593968382621	11.627	11.5	666203000.0	37.0	27907	36.9	62.0155268427186	33.196	105.25319197518485	37.7	1353034743860.0757	70.0	81.5
